YEAR,DOY,T2M,T2M_MAX,T2M_MIN,T2M_RANGE,PRECTOTCORR,RH2M,WS2M,WS2M_MAX,PS,QV2M,Country,Date,Month
2015,1,11.73,22.75,3.44,19.31,0.0,41.79,2.73,5.07,77.13,4.0,Ethiopia,2015-01-01,1
2015,2,12.3,24.01,4.09,19.92,0.0,33.29,2.39,4.19,77.14,3.35,Ethiopia,2015-01-02,1
2015,3,12.49,24.17,3.97,20.2,0.0,33.83,1.77,2.76,77.11,3.43,Ethiopia,2015-01-03,1
2015,4,14.08,23.78,6.9,16.88,0.0,38.84,0.87,1.28,77.07,4.6,Ethiopia,2015-01-04,1
2015,5,14.06,23.15,7.32,15.83,0.0,47.07,1.34,2.14,77.01,5.58,Ethiopia,2015-01-05,1
2015,6,14.26,23.45,7.44,16.01,0.0,58.2,1.7,2.75,77.07,6.95,Ethiopia,2015-01-06,1
2015,7,14.37,23.78,6.16,17.62,0.0,59.83,1.99,3.26,77.12,7.14,Ethiopia,2015-01-07,1
2015,8,14.18,24.17,6.12,18.05,0.0,57.82,2.25,3.5,77.15,6.83,Ethiopia,2015-01-08,1
2015,9,13.89,23.76,5.47,18.29,0.0,58.65,1.97,3.45,77.12,6.55,Ethiopia,2015-01-09,1
2015,10,14.25,22.48,7.72,14.76,0.04,53.11,1.93,3.59,77.08,6.55,Ethiopia,2015-01-10,1
2015,11,13.98,21.95,6.77,15.18,0.07,70.5,2.39,4.1,77.1,8.71,Ethiopia,2015-01-11,1
2015,12,14.27,21.59,9.19,12.4,0.04,73.51,2.96,4.32,77.12,9.15,Ethiopia,2015-01-12,1
2015,13,13.75,21.64,8.14,13.5,0.02,70.99,2.89,4.81,77.16,8.57,Ethiopia,2015-01-13,1
2015,14,13.81,23.98,5.38,18.6,0.0,58.83,2.35,3.73,77.16,6.63,Ethiopia,2015-01-14,1
2015,15,14.05,24.44,7.19,17.25,0.0,40.98,2.36,4.72,77.06,4.75,Ethiopia,2015-01-15,1
2015,16,13.73,23.81,5.57,18.24,0.0,50.5,2.07,3.12,77.06,5.73,Ethiopia,2015-01-16,1
2015,17,14.63,24.45,6.39,18.06,0.01,61.57,2.18,3.1,77.02,7.47,Ethiopia,2015-01-17,1
2015,18,15.58,24.83,7.8,17.03,0.05,65.51,1.5,2.34,77.04,8.45,Ethiopia,2015-01-18,1
2015,19,15.22,21.86,8.67,13.19,1.27,71.76,1.72,3.15,77.03,9.6,Ethiopia,2015-01-19,1
2015,20,15.15,21.0,10.94,10.06,2.16,77.28,2.14,3.84,77.08,10.37,Ethiopia,2015-01-20,1
2015,21,15.55,23.16,10.43,12.73,0.27,72.95,2.72,4.15,77.24,9.79,Ethiopia,2015-01-21,1
2015,22,15.29,24.48,8.96,15.52,0.01,67.74,2.8,4.08,77.24,8.75,Ethiopia,2015-01-22,1
2015,23,14.94,25.0,6.58,18.42,0.0,60.79,2.18,3.21,77.07,7.42,Ethiopia,2015-01-23,1
2015,24,15.07,25.47,7.17,18.3,0.0,49.77,2.12,4.24,76.97,6.13,Ethiopia,2015-01-24,1
2015,25,14.48,25.28,6.68,18.6,0.0,45.15,2.38,5.01,77.07,5.32,Ethiopia,2015-01-25,1
2015,26,13.2,24.53,4.22,20.31,0.0,45.05,2.82,5.41,77.13,4.62,Ethiopia,2015-01-26,1
2015,27,14.45,26.03,6.63,19.4,0.0,36.23,2.41,4.75,77.06,4.05,Ethiopia,2015-01-27,1
2015,28,14.38,25.56,6.05,19.51,0.0,36.03,2.29,4.11,77.0,4.07,Ethiopia,2015-01-28,1
2015,29,14.3,25.64,5.28,20.36,0.0,37.34,2.54,4.4,77.03,4.21,Ethiopia,2015-01-29,1
2015,30,14.45,25.77,5.51,20.26,0.0,37.58,2.74,5.26,77.15,4.28,Ethiopia,2015-01-30,1
2015,31,14.68,26.04,6.0,20.04,0.0,40.45,2.85,4.93,77.18,4.71,Ethiopia,2015-01-31,1
2015,32,14.18,25.2,5.3,19.9,0.0,31.73,3.08,5.1,77.12,3.6,Ethiopia,2015-02-01,2
2015,33,14.32,25.76,5.04,20.72,0.0,26.31,2.65,4.24,77.07,2.91,Ethiopia,2015-02-02,2
2015,34,14.9,26.16,5.01,21.15,0.0,31.93,2.16,3.83,77.12,3.92,Ethiopia,2015-02-03,2
2015,35,15.05,25.28,6.92,18.36,0.0,43.15,2.72,4.77,77.13,5.4,Ethiopia,2015-02-04,2
2015,36,14.99,25.57,6.16,19.41,0.0,47.35,2.57,4.41,77.1,5.75,Ethiopia,2015-02-05,2
2015,37,15.37,25.8,6.55,19.25,0.65,56.05,2.57,4.32,77.12,6.99,Ethiopia,2015-02-06,2
2015,38,15.45,25.59,6.33,19.26,0.0,47.2,2.7,4.58,77.1,6.08,Ethiopia,2015-02-07,2
2015,39,17.47,27.31,8.89,18.42,0.07,40.0,1.31,2.25,76.99,5.91,Ethiopia,2015-02-08,2
2015,40,17.64,27.18,10.47,16.71,0.03,39.57,1.78,2.81,76.97,5.81,Ethiopia,2015-02-09,2
2015,41,16.44,26.7,8.12,18.58,0.0,35.41,2.83,5.41,77.04,4.68,Ethiopia,2015-02-10,2
2015,42,17.24,27.56,9.73,17.83,0.0,36.46,2.25,4.98,77.1,5.06,Ethiopia,2015-02-11,2
2015,43,17.56,27.7,9.71,17.99,0.0,39.99,2.79,5.23,77.07,5.66,Ethiopia,2015-02-12,2
2015,44,16.93,26.96,8.08,18.88,0.0,51.52,2.57,4.33,77.03,7.11,Ethiopia,2015-02-13,2
2015,45,17.67,26.6,9.34,17.26,0.0,44.65,1.4,2.33,77.0,6.79,Ethiopia,2015-02-14,2
2015,46,18.18,26.14,11.12,15.02,1.58,50.69,1.88,3.28,77.02,7.94,Ethiopia,2015-02-15,2
2015,47,17.28,23.89,11.76,12.13,1.53,61.44,1.56,2.89,77.09,9.34,Ethiopia,2015-02-16,2
2015,48,17.23,25.36,9.87,15.49,2.91,55.84,1.67,3.36,77.1,8.18,Ethiopia,2015-02-17,2
2015,49,17.54,26.41,10.55,15.86,1.09,49.67,1.91,2.9,77.03,7.36,Ethiopia,2015-02-18,2
2015,50,17.56,27.65,9.26,18.39,0.01,39.01,1.75,2.78,76.92,5.63,Ethiopia,2015-02-19,2
2015,51,18.4,27.81,9.61,18.2,0.01,41.22,1.53,2.51,76.88,6.58,Ethiopia,2015-02-20,2
2015,52,18.55,27.73,10.15,17.58,0.05,50.49,2.71,3.86,76.91,8.11,Ethiopia,2015-02-21,2
2015,53,17.44,26.23,10.48,15.75,0.28,63.97,3.32,5.13,76.99,9.51,Ethiopia,2015-02-22,2
2015,54,17.67,26.49,11.85,14.64,0.2,62.25,3.23,4.72,77.04,9.34,Ethiopia,2015-02-23,2
2015,55,17.75,26.8,9.7,17.1,0.03,57.71,2.66,3.9,77.01,8.49,Ethiopia,2015-02-24,2
2015,56,17.78,27.29,9.61,17.68,0.0,53.11,2.24,4.29,76.93,7.7,Ethiopia,2015-02-25,2
2015,57,17.72,27.77,9.11,18.66,0.0,48.07,3.2,5.54,76.93,6.91,Ethiopia,2015-02-26,2
2015,58,16.82,26.78,8.33,18.45,0.0,48.63,3.36,5.47,76.99,6.48,Ethiopia,2015-02-27,2
2015,59,17.08,27.69,8.28,19.41,0.0,37.6,3.06,4.84,76.95,5.08,Ethiopia,2015-02-28,2
2015,60,17.02,27.7,7.58,20.12,0.0,36.68,2.58,4.19,76.99,4.82,Ethiopia,2015-03-01,3
2015,61,17.11,27.81,7.76,20.05,0.0,34.98,3.42,5.81,77.05,4.72,Ethiopia,2015-03-02,3
2015,62,17.01,27.28,8.41,18.87,0.0,27.72,3.66,5.64,77.07,3.57,Ethiopia,2015-03-03,3
2015,63,17.31,29.32,6.96,22.36,0.0,26.63,2.7,4.55,77.02,3.41,Ethiopia,2015-03-04,3
2015,64,17.02,27.88,7.54,20.34,0.0,25.88,3.24,5.36,76.98,3.55,Ethiopia,2015-03-05,3
2015,65,17.35,27.77,8.25,19.52,0.0,34.86,3.11,4.99,77.09,4.89,Ethiopia,2015-03-06,3
2015,66,17.41,27.09,9.06,18.03,0.0,36.94,3.69,5.49,77.07,5.17,Ethiopia,2015-03-07,3
2015,67,17.17,28.07,7.98,20.09,0.0,29.69,3.65,5.55,77.1,3.89,Ethiopia,2015-03-08,3
2015,68,16.85,27.4,7.07,20.33,0.0,30.35,3.47,5.17,77.1,4.05,Ethiopia,2015-03-09,3
2015,69,17.65,28.05,8.81,19.24,0.0,42.06,3.44,5.46,77.08,5.89,Ethiopia,2015-03-10,3
2015,70,18.67,29.4,9.23,20.17,0.0,44.7,2.36,4.55,77.02,6.71,Ethiopia,2015-03-11,3
2015,71,19.37,28.6,10.69,17.91,2.0,45.02,1.8,3.27,77.06,7.48,Ethiopia,2015-03-12,3
2015,72,19.23,28.47,11.47,17.0,0.26,41.51,3.03,5.65,77.01,6.92,Ethiopia,2015-03-13,3
2015,73,17.89,27.14,9.78,17.36,0.0,40.89,3.58,6.08,77.06,6.21,Ethiopia,2015-03-14,3
2015,74,17.98,27.73,9.34,18.39,0.0,37.93,3.31,5.79,77.05,5.78,Ethiopia,2015-03-15,3
2015,75,18.61,28.13,9.6,18.53,0.0,41.97,3.21,4.87,77.03,6.69,Ethiopia,2015-03-16,3
2015,76,19.17,28.01,11.63,16.38,0.36,45.66,3.05,4.65,77.01,7.7,Ethiopia,2015-03-17,3
2015,77,18.79,27.75,11.02,16.73,0.13,47.11,3.11,5.12,76.99,7.69,Ethiopia,2015-03-18,3
2015,78,18.86,28.08,10.66,17.42,1.26,47.25,2.77,4.56,76.92,7.77,Ethiopia,2015-03-19,3
2015,79,18.92,26.85,12.54,14.31,1.0,55.13,2.72,4.45,76.99,9.14,Ethiopia,2015-03-20,3
2015,80,18.38,26.15,12.18,13.97,4.46,64.38,2.95,5.0,77.03,10.32,Ethiopia,2015-03-21,3
2015,81,17.52,23.54,13.08,10.46,4.36,73.24,2.98,4.68,77.03,11.47,Ethiopia,2015-03-22,3
2015,82,17.21,24.13,12.9,11.23,2.31,74.76,1.88,3.57,76.95,11.43,Ethiopia,2015-03-23,3
2015,83,16.76,23.24,11.07,12.17,1.76,69.36,2.74,3.66,76.99,10.27,Ethiopia,2015-03-24,3
2015,84,17.5,24.72,10.97,13.75,1.17,64.65,2.21,3.4,77.03,9.82,Ethiopia,2015-03-25,3
2015,85,18.04,25.48,11.74,13.74,0.29,62.59,2.71,4.14,77.07,9.75,Ethiopia,2015-03-26,3
2015,86,18.66,27.85,11.67,16.18,0.0,56.76,2.58,4.32,77.03,8.88,Ethiopia,2015-03-27,3
2015,87,18.48,25.9,11.36,14.54,0.0,59.84,1.61,2.43,77.03,9.67,Ethiopia,2015-03-28,3
2015,88,19.31,28.4,11.32,17.08,0.0,50.31,2.97,4.72,76.97,8.15,Ethiopia,2015-03-29,3
2015,89,18.3,28.12,10.37,17.75,0.0,44.48,3.1,5.36,77.01,6.76,Ethiopia,2015-03-30,3
2015,90,18.3,28.58,9.63,18.95,0.0,44.54,3.07,5.88,77.03,6.82,Ethiopia,2015-03-31,3
2015,91,18.66,29.14,10.01,19.13,0.0,37.47,3.15,5.08,77.02,5.45,Ethiopia,2015-04-01,4
2015,92,18.74,29.46,9.76,19.7,0.0,35.26,3.07,5.27,76.95,5.11,Ethiopia,2015-04-02,4
2015,93,18.57,28.12,10.02,18.1,0.04,41.62,3.03,5.4,76.85,6.62,Ethiopia,2015-04-03,4
2015,94,19.06,28.9,10.4,18.5,0.01,42.56,3.16,5.42,76.82,6.83,Ethiopia,2015-04-04,4
2015,95,18.92,29.46,10.26,19.2,0.0,31.02,2.72,5.31,76.9,4.61,Ethiopia,2015-04-05,4
2015,96,19.12,29.57,10.18,19.39,0.01,32.39,2.81,4.91,76.95,5.0,Ethiopia,2015-04-06,4
2015,97,19.91,30.21,10.61,19.6,0.28,38.84,2.22,3.83,76.95,6.57,Ethiopia,2015-04-07,4
2015,98,19.65,30.35,11.42,18.93,0.03,26.3,2.69,5.26,76.93,4.02,Ethiopia,2015-04-08,4
2015,99,19.22,29.17,11.06,18.11,1.08,36.21,2.55,5.06,76.97,6.34,Ethiopia,2015-04-09,4
2015,100,19.89,29.46,11.78,17.68,0.01,40.33,2.46,4.47,77.03,6.89,Ethiopia,2015-04-10,4
2015,101,20.58,29.99,13.03,16.96,0.0,35.35,2.35,5.14,77.04,6.53,Ethiopia,2015-04-11,4
2015,102,19.54,28.19,11.92,16.27,0.01,46.29,3.49,5.92,77.15,8.11,Ethiopia,2015-04-12,4
2015,103,18.03,24.73,11.45,13.28,0.08,60.09,2.73,4.28,77.13,9.63,Ethiopia,2015-04-13,4
2015,104,18.84,24.55,13.75,10.8,0.35,63.29,2.85,5.08,76.96,10.66,Ethiopia,2015-04-14,4
2015,105,18.87,26.77,13.58,13.19,0.42,55.37,2.64,4.55,76.92,9.07,Ethiopia,2015-04-15,4
2015,106,18.8,28.34,11.03,17.31,0.28,39.98,3.88,6.91,77.14,5.99,Ethiopia,2015-04-16,4
2015,107,17.84,26.88,9.67,17.21,0.0,35.34,3.11,5.33,77.2,4.89,Ethiopia,2015-04-17,4
2015,108,18.56,29.75,8.64,21.11,0.0,29.16,2.73,4.38,77.04,4.35,Ethiopia,2015-04-18,4
2015,109,19.86,29.98,11.45,18.53,0.02,28.98,1.67,3.6,76.98,5.08,Ethiopia,2015-04-19,4
2015,110,19.77,29.65,11.59,18.06,0.0,34.93,3.07,5.48,76.99,5.93,Ethiopia,2015-04-20,4
2015,111,18.87,29.33,9.47,19.86,0.01,31.5,2.87,5.25,77.03,4.71,Ethiopia,2015-04-21,4
2015,112,19.85,30.57,10.6,19.97,0.01,24.82,2.04,4.47,77.03,4.11,Ethiopia,2015-04-22,4
2015,113,20.07,30.93,12.12,18.81,0.08,26.48,2.02,4.85,77.01,4.3,Ethiopia,2015-04-23,4
2015,114,20.46,30.81,12.34,18.47,0.0,26.64,2.01,4.54,77.03,4.71,Ethiopia,2015-04-24,4
2015,115,20.7,30.71,11.65,19.06,2.72,40.72,2.44,4.15,76.96,7.23,Ethiopia,2015-04-25,4
2015,116,19.35,27.25,12.65,14.6,1.49,53.07,2.06,3.93,76.93,9.19,Ethiopia,2015-04-26,4
2015,117,19.66,27.81,12.99,14.82,0.21,50.4,2.99,5.94,77.0,8.48,Ethiopia,2015-04-27,4
2015,118,19.33,28.72,12.56,16.16,0.05,46.67,3.56,6.18,77.04,7.15,Ethiopia,2015-04-28,4
2015,119,18.8,28.85,9.71,19.14,0.0,41.11,3.38,5.51,77.01,6.07,Ethiopia,2015-04-29,4
2015,120,19.55,29.7,10.81,18.89,0.0,35.21,3.13,5.12,76.98,5.29,Ethiopia,2015-04-30,4
2015,121,20.06,30.5,10.76,19.74,0.0,33.47,3.31,4.66,76.97,5.28,Ethiopia,2015-05-01,5
2015,122,19.51,28.04,12.64,15.4,0.48,52.62,3.32,5.42,76.99,9.02,Ethiopia,2015-05-02,5
2015,123,18.86,26.54,13.02,13.52,2.85,65.05,2.73,4.27,76.94,10.88,Ethiopia,2015-05-03,5
2015,124,16.91,20.42,14.16,6.26,5.54,78.27,1.06,1.83,77.0,12.06,Ethiopia,2015-05-04,5
2015,125,16.28,20.09,13.93,6.16,5.85,81.24,1.73,3.33,76.94,12.08,Ethiopia,2015-05-05,5
2015,126,16.05,21.38,12.99,8.39,16.47,79.39,1.74,3.61,76.95,11.49,Ethiopia,2015-05-06,5
2015,127,17.3,24.1,10.93,13.17,1.77,71.93,2.35,4.7,77.02,10.94,Ethiopia,2015-05-07,5
2015,128,16.71,21.33,13.21,8.12,3.46,76.92,1.7,3.12,77.1,11.63,Ethiopia,2015-05-08,5
2015,129,17.73,23.87,13.01,10.86,4.25,73.27,2.08,4.48,77.05,11.51,Ethiopia,2015-05-09,5
2015,130,16.4,19.89,14.28,5.61,7.2,82.51,1.4,2.75,77.02,12.36,Ethiopia,2015-05-10,5
2015,131,17.51,25.65,12.81,12.84,2.37,71.76,1.98,4.41,77.11,10.9,Ethiopia,2015-05-11,5
2015,132,18.41,26.78,11.36,15.42,0.55,65.07,2.79,5.22,77.16,10.28,Ethiopia,2015-05-12,5
2015,133,19.02,28.59,10.82,17.77,0.01,57.26,3.16,6.39,77.1,8.8,Ethiopia,2015-05-13,5
2015,134,18.81,26.04,12.5,13.54,0.63,63.07,2.92,5.41,77.11,10.44,Ethiopia,2015-05-14,5
2015,135,19.19,27.88,12.04,15.84,0.09,63.23,3.32,6.07,77.1,10.52,Ethiopia,2015-05-15,5
2015,136,18.69,26.92,12.97,13.95,0.0,65.33,3.32,5.7,77.08,10.53,Ethiopia,2015-05-16,5
2015,137,19.09,28.44,11.03,17.41,0.0,56.93,2.61,4.31,77.01,8.86,Ethiopia,2015-05-17,5
2015,138,19.79,28.92,12.01,16.91,0.0,46.98,2.45,4.14,77.03,7.67,Ethiopia,2015-05-18,5
2015,139,19.12,28.22,11.22,17.0,0.0,46.08,3.12,5.94,77.06,7.63,Ethiopia,2015-05-19,5
2015,140,19.65,28.71,12.88,15.83,0.0,47.86,2.8,5.73,77.12,7.8,Ethiopia,2015-05-20,5
2015,141,20.18,30.0,12.15,17.85,0.03,43.04,2.86,5.47,77.1,7.32,Ethiopia,2015-05-21,5
2015,142,19.72,27.68,13.22,14.46,3.45,54.49,2.24,4.18,77.07,9.6,Ethiopia,2015-05-22,5
2015,143,19.11,26.44,13.2,13.24,7.54,63.62,1.12,2.6,77.05,10.7,Ethiopia,2015-05-23,5
2015,144,19.96,28.35,13.99,14.36,4.96,60.37,1.77,3.91,77.0,10.47,Ethiopia,2015-05-24,5
2015,145,18.45,24.94,14.15,10.79,29.07,68.37,1.52,3.07,77.06,11.33,Ethiopia,2015-05-25,5
2015,146,17.6,23.52,13.22,10.3,34.38,75.91,1.66,3.53,77.07,11.89,Ethiopia,2015-05-26,5
2015,147,17.25,23.63,11.87,11.76,1.52,76.06,1.8,3.13,77.05,11.62,Ethiopia,2015-05-27,5
2015,148,15.62,19.25,12.41,6.84,6.77,81.12,1.35,2.32,77.05,11.53,Ethiopia,2015-05-28,5
2015,149,16.1,22.39,11.05,11.34,1.39,73.7,1.59,3.73,77.02,10.57,Ethiopia,2015-05-29,5
2015,150,17.55,25.72,11.87,13.85,0.9,68.27,2.32,4.72,77.07,10.17,Ethiopia,2015-05-30,5
2015,151,17.75,25.85,11.85,14.0,0.88,67.81,2.14,4.25,77.01,10.27,Ethiopia,2015-05-31,5
2015,152,17.6,25.81,11.44,14.37,0.93,69.18,1.75,3.17,76.91,10.62,Ethiopia,2015-06-01,6
2015,153,16.06,21.22,11.31,9.91,4.55,75.25,2.11,4.51,76.98,10.79,Ethiopia,2015-06-02,6
2015,154,17.01,26.16,9.22,16.94,0.0,58.27,2.87,5.57,77.02,8.06,Ethiopia,2015-06-03,6
2015,155,18.08,27.0,10.12,16.88,0.03,54.25,2.87,5.48,76.97,8.29,Ethiopia,2015-06-04,6
2015,156,18.25,26.02,11.92,14.1,0.14,57.62,2.73,5.48,76.95,9.1,Ethiopia,2015-06-05,6
2015,157,18.46,26.9,12.1,14.8,0.1,55.26,2.79,5.88,77.01,8.66,Ethiopia,2015-06-06,6
2015,158,18.19,25.16,12.28,12.88,1.44,61.06,2.13,4.19,77.02,9.8,Ethiopia,2015-06-07,6
2015,159,17.95,24.52,12.4,12.12,0.41,62.33,2.11,3.93,76.98,9.88,Ethiopia,2015-06-08,6
2015,160,17.83,25.15,11.19,13.96,3.35,65.71,1.59,3.48,77.02,10.26,Ethiopia,2015-06-09,6
2015,161,18.45,26.15,12.34,13.81,3.08,62.93,1.71,3.5,76.98,10.11,Ethiopia,2015-06-10,6
2015,162,18.73,26.61,11.45,15.16,2.77,60.72,1.64,3.44,76.97,9.69,Ethiopia,2015-06-11,6
2015,163,18.75,26.52,13.02,13.5,2.97,64.08,1.65,3.0,76.99,10.28,Ethiopia,2015-06-12,6
2015,164,18.72,26.4,11.93,14.47,1.7,64.02,1.12,2.19,76.99,10.43,Ethiopia,2015-06-13,6
2015,165,18.97,26.84,12.12,14.72,1.58,63.69,1.4,2.56,76.99,10.38,Ethiopia,2015-06-14,6
2015,166,19.57,27.15,12.59,14.56,1.91,61.55,1.02,2.35,76.94,10.44,Ethiopia,2015-06-15,6
2015,167,19.08,26.48,12.31,14.17,2.03,64.49,1.01,2.52,76.92,10.71,Ethiopia,2015-06-16,6
2015,168,18.99,25.23,12.82,12.41,2.15,67.22,0.99,1.81,76.85,11.29,Ethiopia,2015-06-17,6
2015,169,18.94,24.6,13.69,10.91,3.21,64.54,1.25,2.81,76.93,11.0,Ethiopia,2015-06-18,6
2015,170,18.76,24.61,13.39,11.22,4.8,63.56,1.21,2.87,77.03,10.8,Ethiopia,2015-06-19,6
2015,171,18.7,25.93,12.67,13.26,0.99,62.83,1.49,2.8,77.07,10.36,Ethiopia,2015-06-20,6
2015,172,17.92,24.74,11.78,12.96,5.64,68.61,0.88,2.62,77.1,10.87,Ethiopia,2015-06-21,6
2015,173,16.34,20.02,13.75,6.27,14.32,79.84,2.17,3.94,77.15,11.81,Ethiopia,2015-06-22,6
2015,174,15.95,20.17,12.64,7.53,8.72,80.73,1.4,2.28,77.16,11.63,Ethiopia,2015-06-23,6
2015,175,15.93,20.42,12.8,7.62,17.52,83.88,1.08,2.15,77.17,12.11,Ethiopia,2015-06-24,6
2015,176,16.58,21.1,12.52,8.58,11.2,79.03,1.18,2.89,77.19,11.82,Ethiopia,2015-06-25,6
2015,177,16.51,21.98,11.58,10.4,8.96,80.0,1.43,2.62,77.16,11.88,Ethiopia,2015-06-26,6
2015,178,15.79,19.03,13.33,5.7,23.89,83.89,1.81,3.03,77.18,12.09,Ethiopia,2015-06-27,6
2015,179,15.78,20.23,12.45,7.78,9.68,84.37,1.53,2.98,77.2,12.08,Ethiopia,2015-06-28,6
2015,180,15.65,19.07,13.37,5.7,14.68,84.82,0.91,1.34,77.2,12.1,Ethiopia,2015-06-29,6
2015,181,16.06,20.78,11.66,9.12,4.47,80.11,1.68,3.04,77.14,11.61,Ethiopia,2015-06-30,6
2015,182,16.16,22.35,11.35,11.0,0.9,76.87,1.85,3.35,77.14,11.05,Ethiopia,2015-07-01,7
2015,183,16.41,22.66,11.41,11.25,0.38,74.72,1.77,3.71,77.17,10.86,Ethiopia,2015-07-02,7
2015,184,16.29,21.89,11.99,9.9,0.88,75.16,1.78,3.3,77.18,10.99,Ethiopia,2015-07-03,7
2015,185,16.61,22.65,11.89,10.76,0.61,73.01,1.78,3.57,77.19,10.8,Ethiopia,2015-07-04,7
2015,186,16.42,22.37,10.81,11.56,2.9,75.98,1.25,2.28,77.23,11.16,Ethiopia,2015-07-05,7
2015,187,17.08,23.24,10.38,12.86,2.22,70.82,1.32,2.57,77.22,10.74,Ethiopia,2015-07-06,7
2015,188,17.43,23.74,10.87,12.87,1.22,73.06,1.29,2.34,77.2,11.33,Ethiopia,2015-07-07,7
2015,189,18.17,23.93,12.72,11.21,0.91,68.57,1.51,2.89,77.09,11.24,Ethiopia,2015-07-08,7
2015,190,17.45,23.9,11.17,12.73,10.52,76.08,1.38,2.74,77.12,11.88,Ethiopia,2015-07-09,7
2015,191,17.22,21.26,13.09,8.17,13.17,78.77,0.91,2.04,77.13,12.34,Ethiopia,2015-07-10,7
2015,192,17.9,23.31,12.66,10.65,8.66,76.12,1.12,2.61,77.1,12.22,Ethiopia,2015-07-11,7
2015,193,17.1,22.31,12.15,10.16,5.1,77.83,1.19,2.57,77.07,11.98,Ethiopia,2015-07-12,7
2015,194,16.28,21.12,12.14,8.98,18.65,82.52,1.45,2.63,77.07,12.15,Ethiopia,2015-07-13,7
2015,195,15.49,18.78,12.37,6.41,3.09,79.74,1.23,2.3,77.1,11.25,Ethiopia,2015-07-14,7
2015,196,16.45,22.26,10.35,11.91,7.84,77.43,1.06,2.8,77.08,11.43,Ethiopia,2015-07-15,7
2015,197,16.15,21.06,12.74,8.32,21.63,82.08,1.33,3.09,77.09,12.03,Ethiopia,2015-07-16,7
2015,198,16.66,22.52,11.26,11.26,9.1,79.56,1.73,3.08,77.04,11.91,Ethiopia,2015-07-17,7
2015,199,16.65,21.7,13.01,8.69,17.74,79.82,1.3,2.0,77.04,12.04,Ethiopia,2015-07-18,7
2015,200,16.68,22.71,11.66,11.05,7.57,79.2,1.32,2.65,77.05,11.81,Ethiopia,2015-07-19,7
2015,201,16.48,21.44,12.04,9.4,11.68,81.18,0.98,3.01,76.98,12.12,Ethiopia,2015-07-20,7
2015,202,16.28,21.19,12.01,9.18,16.45,82.57,0.82,1.47,77.03,12.22,Ethiopia,2015-07-21,7
2015,203,16.62,21.49,12.16,9.33,5.87,80.41,1.15,2.88,77.09,12.06,Ethiopia,2015-07-22,7
2015,204,16.24,21.3,11.01,10.29,8.87,79.78,0.96,2.1,77.08,11.66,Ethiopia,2015-07-23,7
2015,205,16.18,21.58,10.83,10.75,13.32,78.19,1.23,2.04,77.09,11.43,Ethiopia,2015-07-24,7
2015,206,16.71,22.55,11.11,11.44,2.97,71.28,1.42,2.55,77.08,10.74,Ethiopia,2015-07-25,7
2015,207,17.31,22.8,11.7,11.1,1.31,72.72,1.06,1.82,77.03,11.45,Ethiopia,2015-07-26,7
2015,208,17.34,21.99,13.17,8.82,9.74,75.82,0.71,1.26,76.97,11.97,Ethiopia,2015-07-27,7
2015,209,16.49,21.28,11.89,9.39,6.13,79.65,1.17,2.3,76.98,11.91,Ethiopia,2015-07-28,7
2015,210,16.52,22.05,10.38,11.67,4.25,79.53,1.07,2.43,77.02,11.96,Ethiopia,2015-07-29,7
2015,211,15.84,20.04,11.83,8.21,11.34,83.26,1.14,2.57,77.04,12.01,Ethiopia,2015-07-30,7
2015,212,15.69,19.35,12.21,7.14,9.48,84.67,1.29,2.62,76.98,12.16,Ethiopia,2015-07-31,7
2015,213,15.37,19.39,11.57,7.82,9.67,84.72,1.25,3.13,77.05,11.87,Ethiopia,2015-08-01,8
2015,214,15.61,21.09,10.96,10.13,7.49,84.88,1.88,3.04,77.13,12.04,Ethiopia,2015-08-02,8
2015,215,15.97,21.06,12.58,8.48,23.46,84.73,1.58,2.55,77.04,12.32,Ethiopia,2015-08-03,8
2015,216,16.23,21.46,12.31,9.15,11.18,83.83,1.29,2.5,77.03,12.35,Ethiopia,2015-08-04,8
2015,217,16.28,20.83,12.9,7.93,19.73,82.94,1.09,3.09,77.06,12.27,Ethiopia,2015-08-05,8
2015,218,14.97,18.83,12.45,6.38,20.57,87.25,2.29,3.98,77.02,11.97,Ethiopia,2015-08-06,8
2015,219,15.31,19.81,11.01,8.8,16.0,86.77,1.51,3.07,76.98,12.16,Ethiopia,2015-08-07,8
2015,220,15.52,19.88,11.79,8.09,6.0,82.9,1.04,2.57,77.05,11.71,Ethiopia,2015-08-08,8
2015,221,16.74,21.82,12.78,9.04,2.47,78.72,0.84,1.76,77.04,11.95,Ethiopia,2015-08-09,8
2015,222,15.99,20.92,11.16,9.76,17.4,80.68,1.07,2.4,77.02,11.78,Ethiopia,2015-08-10,8
2015,223,16.35,21.64,11.47,10.17,2.71,80.38,1.28,2.85,77.07,11.95,Ethiopia,2015-08-11,8
2015,224,17.13,22.5,11.77,10.73,4.34,74.07,1.0,2.23,77.13,11.51,Ethiopia,2015-08-12,8
2015,225,16.7,21.68,11.13,10.55,15.56,76.62,1.12,2.15,77.13,11.61,Ethiopia,2015-08-13,8
2015,226,15.51,19.76,10.69,9.07,22.27,83.73,1.01,2.35,77.15,11.87,Ethiopia,2015-08-14,8
2015,227,14.6,17.66,11.64,6.02,11.91,86.71,1.07,1.88,77.14,11.62,Ethiopia,2015-08-15,8
2015,228,15.67,21.42,9.99,11.43,8.88,81.86,1.42,2.54,77.14,11.65,Ethiopia,2015-08-16,8
2015,229,16.25,21.22,12.21,9.01,3.05,81.74,1.31,3.24,77.07,12.02,Ethiopia,2015-08-17,8
2015,230,16.27,21.65,10.75,10.9,5.21,80.98,1.01,1.94,76.99,11.95,Ethiopia,2015-08-18,8
2015,231,15.74,19.78,12.46,7.32,15.58,84.65,1.14,1.67,76.96,12.32,Ethiopia,2015-08-19,8
2015,232,16.84,22.03,12.09,9.94,1.9,78.97,1.17,2.3,77.0,12.12,Ethiopia,2015-08-20,8
2015,233,16.76,21.81,12.54,9.27,5.53,81.01,1.27,2.48,76.99,12.42,Ethiopia,2015-08-21,8
2015,234,16.35,21.22,12.57,8.65,6.63,83.13,1.28,2.89,76.97,12.38,Ethiopia,2015-08-22,8
2015,235,16.11,21.34,10.93,10.41,2.34,81.16,1.16,2.59,77.0,11.91,Ethiopia,2015-08-23,8
2015,236,16.11,19.93,13.26,6.67,5.32,85.8,1.18,2.5,77.01,12.7,Ethiopia,2015-08-24,8
2015,237,15.82,20.23,12.78,7.45,6.8,85.78,1.36,3.14,77.02,12.39,Ethiopia,2015-08-25,8
2015,238,15.35,19.71,12.17,7.54,3.61,86.96,1.98,4.22,77.04,12.19,Ethiopia,2015-08-26,8
2015,239,15.92,20.41,11.96,8.45,2.81,81.4,1.16,2.17,77.07,11.77,Ethiopia,2015-08-27,8
2015,240,15.55,19.59,12.87,6.72,10.69,86.69,1.11,2.63,77.06,12.32,Ethiopia,2015-08-28,8
2015,241,16.23,20.72,12.65,8.07,5.22,82.97,0.7,1.55,77.06,12.26,Ethiopia,2015-08-29,8
2015,242,16.66,21.66,12.29,9.37,2.44,77.19,1.0,2.41,77.15,11.63,Ethiopia,2015-08-30,8
2015,243,15.86,19.06,12.12,6.94,5.4,78.11,1.02,2.0,77.15,11.43,Ethiopia,2015-08-31,8
2015,244,16.05,22.05,11.2,10.85,0.74,74.72,1.76,3.7,77.12,10.85,Ethiopia,2015-09-01,9
2015,245,16.28,22.26,11.02,11.24,0.53,77.7,2.03,3.83,77.11,11.41,Ethiopia,2015-09-02,9
2015,246,16.63,22.44,11.47,10.97,0.93,76.79,1.75,2.99,77.1,11.49,Ethiopia,2015-09-03,9
2015,247,16.99,22.08,12.7,9.38,3.4,75.81,1.5,2.78,77.1,11.77,Ethiopia,2015-09-04,9
2015,248,16.38,21.26,13.27,7.99,4.58,81.32,1.66,2.95,77.13,12.09,Ethiopia,2015-09-05,9
2015,249,16.97,21.89,12.53,9.36,2.16,78.1,1.0,1.96,77.13,12.04,Ethiopia,2015-09-06,9
2015,250,16.2,20.58,13.44,7.14,2.76,85.16,1.29,2.98,77.03,12.63,Ethiopia,2015-09-07,9
2015,251,15.76,20.06,12.7,7.36,9.58,85.93,1.44,3.0,76.95,12.42,Ethiopia,2015-09-08,9
2015,252,14.55,18.76,11.88,6.88,9.09,85.58,1.85,2.79,77.03,11.44,Ethiopia,2015-09-09,9
2015,253,15.89,20.26,11.96,8.3,1.67,80.39,0.96,2.21,77.09,11.61,Ethiopia,2015-09-10,9
2015,254,15.69,21.04,10.87,10.17,0.81,79.48,1.59,2.98,77.15,11.34,Ethiopia,2015-09-11,9
2015,255,16.15,21.65,11.01,10.64,0.54,79.52,1.16,1.62,77.1,11.67,Ethiopia,2015-09-12,9
2015,256,15.63,20.22,12.42,7.8,2.68,84.86,1.36,2.61,77.12,12.1,Ethiopia,2015-09-13,9
2015,257,15.81,20.24,11.69,8.55,2.91,83.26,0.97,2.21,77.19,11.93,Ethiopia,2015-09-14,9
2015,258,15.48,20.41,11.67,8.74,4.37,80.26,1.94,3.87,77.12,11.28,Ethiopia,2015-09-15,9
2015,259,15.77,21.79,10.28,11.51,0.33,75.51,1.74,3.0,77.08,10.87,Ethiopia,2015-09-16,9
2015,260,15.59,19.63,12.66,6.97,2.3,80.98,1.3,2.39,77.05,11.58,Ethiopia,2015-09-17,9
2015,261,16.3,21.74,11.78,9.96,1.67,79.77,1.63,2.91,77.11,11.79,Ethiopia,2015-09-18,9
2015,262,15.96,20.92,10.73,10.19,1.49,80.07,1.89,3.46,77.23,11.57,Ethiopia,2015-09-19,9
2015,263,16.79,22.33,12.09,10.24,0.45,75.43,1.6,2.96,77.18,11.39,Ethiopia,2015-09-20,9
2015,264,16.86,22.94,11.38,11.56,0.31,68.24,1.4,2.83,77.06,10.46,Ethiopia,2015-09-21,9
2015,265,15.57,21.16,10.15,11.01,1.7,80.8,1.31,2.47,77.04,11.44,Ethiopia,2015-09-22,9
2015,266,16.16,21.46,11.05,10.41,1.38,74.03,1.21,2.26,77.12,10.9,Ethiopia,2015-09-23,9
2015,267,15.59,21.31,10.05,11.26,5.05,75.17,1.58,2.58,77.1,10.69,Ethiopia,2015-09-24,9
2015,268,15.28,21.53,8.86,12.67,0.35,77.02,1.84,3.09,77.0,10.62,Ethiopia,2015-09-25,9
2015,269,14.94,20.52,9.89,10.63,0.74,81.2,1.5,2.5,76.99,10.97,Ethiopia,2015-09-26,9
2015,270,15.72,20.98,11.73,9.25,2.02,79.66,1.43,2.28,77.02,11.36,Ethiopia,2015-09-27,9
2015,271,15.87,21.48,11.12,10.36,3.69,78.89,1.22,2.11,77.04,11.35,Ethiopia,2015-09-28,9
2015,272,15.78,20.77,11.14,9.63,8.66,80.95,1.6,2.75,77.01,11.66,Ethiopia,2015-09-29,9
2015,273,15.06,21.93,9.28,12.65,0.22,73.18,2.52,4.57,76.97,9.92,Ethiopia,2015-09-30,9
2015,274,14.45,21.75,8.64,13.11,0.28,70.12,2.86,5.02,76.99,9.09,Ethiopia,2015-10-01,10
2015,275,14.62,21.33,10.01,11.32,0.13,72.69,3.39,6.12,77.09,9.46,Ethiopia,2015-10-02,10
2015,276,14.46,22.32,8.0,14.32,0.01,73.19,2.88,5.27,77.2,9.43,Ethiopia,2015-10-03,10
2015,277,14.71,22.21,8.35,13.86,0.02,69.41,2.67,4.72,77.23,8.96,Ethiopia,2015-10-04,10
2015,278,14.86,22.67,7.45,15.22,1.08,70.0,2.41,4.27,77.16,9.49,Ethiopia,2015-10-05,10
2015,279,16.11,22.96,11.31,11.65,3.95,75.63,1.97,3.5,77.08,10.88,Ethiopia,2015-10-06,10
2015,280,15.86,22.06,9.76,12.3,0.48,74.77,1.71,3.07,77.1,10.71,Ethiopia,2015-10-07,10
2015,281,16.04,23.39,9.41,13.98,0.27,67.29,2.28,4.21,77.1,9.61,Ethiopia,2015-10-08,10
2015,282,15.54,23.17,9.05,14.12,0.01,69.6,2.48,4.67,77.06,9.62,Ethiopia,2015-10-09,10
2015,283,15.58,23.21,8.3,14.91,0.02,72.07,2.09,3.99,77.04,9.99,Ethiopia,2015-10-10,10
2015,284,15.98,23.47,9.28,14.19,0.16,68.52,1.92,3.1,77.1,9.76,Ethiopia,2015-10-11,10
2015,285,16.16,23.75,8.75,15.0,0.03,68.22,1.81,2.99,77.18,9.74,Ethiopia,2015-10-12,10
2015,286,15.55,23.85,8.36,15.49,0.0,58.23,2.28,4.07,77.14,7.8,Ethiopia,2015-10-13,10
2015,287,14.98,23.44,8.02,15.42,0.0,58.64,2.61,4.24,77.07,7.66,Ethiopia,2015-10-14,10
2015,288,15.06,23.35,8.15,15.2,0.0,59.16,2.76,4.7,77.06,7.71,Ethiopia,2015-10-15,10
2015,289,14.88,23.25,8.18,15.07,0.0,58.97,2.74,4.71,77.05,7.6,Ethiopia,2015-10-16,10
2015,290,15.19,23.22,8.74,14.48,0.03,66.34,2.76,5.06,77.11,8.86,Ethiopia,2015-10-17,10
2015,291,13.73,18.72,8.38,10.34,0.33,74.85,2.56,5.4,77.18,9.33,Ethiopia,2015-10-18,10
2015,292,15.56,23.26,9.76,13.5,0.04,72.44,2.69,4.78,77.16,9.7,Ethiopia,2015-10-19,10
2015,293,15.73,23.95,8.89,15.06,0.03,70.78,2.7,4.89,77.07,9.69,Ethiopia,2015-10-20,10
2015,294,15.25,23.71,8.08,15.63,0.01,66.89,2.43,4.16,77.03,8.73,Ethiopia,2015-10-21,10
2015,295,15.26,23.51,8.52,14.99,0.0,62.81,2.38,4.09,77.04,8.29,Ethiopia,2015-10-22,10
2015,296,15.43,23.58,8.46,15.12,0.09,66.27,2.66,4.42,77.05,9.06,Ethiopia,2015-10-23,10
2015,297,14.95,23.99,8.01,15.98,0.0,63.47,2.73,4.55,77.06,8.18,Ethiopia,2015-10-24,10
2015,298,14.96,24.3,7.17,17.13,0.0,58.62,2.21,3.84,77.1,7.47,Ethiopia,2015-10-25,10
2015,299,16.22,24.71,9.05,15.66,0.0,62.91,1.81,2.95,77.1,9.01,Ethiopia,2015-10-26,10
2015,300,16.02,24.36,8.41,15.95,0.0,65.71,2.0,3.52,77.06,9.08,Ethiopia,2015-10-27,10
2015,301,15.78,23.76,8.4,15.36,0.17,68.91,1.98,3.59,76.93,9.57,Ethiopia,2015-10-28,10
2015,302,15.38,23.14,8.54,14.6,0.1,67.98,2.02,3.54,76.9,9.11,Ethiopia,2015-10-29,10
2015,303,15.7,24.01,7.91,16.1,0.17,71.49,2.23,3.68,76.97,9.9,Ethiopia,2015-10-30,10
2015,304,16.16,24.16,9.75,14.41,0.76,71.1,2.06,3.22,77.03,10.04,Ethiopia,2015-10-31,10
2015,305,16.22,24.49,8.81,15.68,1.8,73.53,2.05,3.43,76.99,10.52,Ethiopia,2015-11-01,11
2015,306,15.61,24.01,8.58,15.43,0.48,71.9,2.43,4.61,76.94,9.77,Ethiopia,2015-11-02,11
2015,307,16.1,24.78,8.43,16.35,0.87,71.15,1.77,2.72,76.98,9.95,Ethiopia,2015-11-03,11
2015,308,15.95,23.95,8.7,15.25,0.38,71.67,2.27,4.0,77.01,10.09,Ethiopia,2015-11-04,11
2015,309,15.72,23.03,10.76,12.27,0.67,73.08,2.57,5.08,77.07,10.12,Ethiopia,2015-11-05,11
2015,310,15.86,23.89,8.59,15.3,0.28,73.21,2.23,3.98,77.02,10.2,Ethiopia,2015-11-06,11
2015,311,15.83,22.24,11.21,11.03,1.71,78.0,2.56,4.65,77.01,10.98,Ethiopia,2015-11-07,11
2015,312,15.34,23.63,9.77,13.86,0.09,74.15,2.8,4.84,77.08,9.9,Ethiopia,2015-11-08,11
2015,313,14.8,23.97,7.31,16.66,0.05,65.6,2.17,3.58,77.11,8.36,Ethiopia,2015-11-09,11
2015,314,16.29,24.3,9.26,15.04,0.41,60.0,1.11,1.78,77.01,8.72,Ethiopia,2015-11-10,11
2015,315,16.66,23.78,10.49,13.29,0.95,66.02,1.63,2.73,77.0,9.73,Ethiopia,2015-11-11,11
2015,316,15.22,22.47,9.34,13.13,4.39,83.0,2.71,4.2,77.04,11.41,Ethiopia,2015-11-12,11
2015,317,15.15,20.96,10.52,10.44,2.11,80.69,3.13,5.93,77.12,10.9,Ethiopia,2015-11-13,11
2015,318,13.94,22.49,8.12,14.37,0.03,65.22,3.0,5.39,77.09,7.6,Ethiopia,2015-11-14,11
2015,319,13.05,22.37,5.45,16.92,0.0,64.37,3.06,5.59,76.98,7.13,Ethiopia,2015-11-15,11
2015,320,14.14,22.75,6.35,16.4,0.09,69.44,1.96,3.17,77.02,8.6,Ethiopia,2015-11-16,11
2015,321,15.69,24.63,8.47,16.16,0.2,62.86,1.23,1.55,76.99,8.45,Ethiopia,2015-11-17,11
2015,322,15.58,24.77,8.41,16.36,0.66,59.24,2.1,3.22,76.95,7.88,Ethiopia,2015-11-18,11
2015,323,14.87,23.83,7.05,16.78,0.07,67.9,2.94,4.39,76.99,8.64,Ethiopia,2015-11-19,11
2015,324,14.6,24.23,7.0,17.23,0.0,58.71,2.66,4.51,76.97,7.04,Ethiopia,2015-11-20,11
2015,325,13.61,23.55,5.32,18.23,0.0,58.32,2.9,5.08,76.92,6.55,Ethiopia,2015-11-21,11
2015,326,13.21,23.43,4.76,18.67,0.0,59.57,2.7,4.42,77.01,6.51,Ethiopia,2015-11-22,11
2015,327,13.16,23.66,4.79,18.87,0.09,59.47,2.56,4.26,77.08,6.37,Ethiopia,2015-11-23,11
2015,328,13.93,24.85,4.82,20.03,0.0,48.02,1.51,2.19,77.0,5.34,Ethiopia,2015-11-24,11
2015,329,15.47,24.48,9.11,15.37,0.04,40.79,1.05,1.74,76.9,5.54,Ethiopia,2015-11-25,11
2015,330,14.19,22.53,6.92,15.61,0.2,58.97,2.39,3.92,76.97,7.42,Ethiopia,2015-11-26,11
2015,331,14.37,23.11,7.82,15.29,1.81,74.12,2.8,4.38,77.08,9.34,Ethiopia,2015-11-27,11
2015,332,15.15,24.32,7.82,16.5,0.17,70.08,2.68,4.2,77.17,9.13,Ethiopia,2015-11-28,11
2015,333,14.46,23.11,8.6,14.51,0.28,71.11,2.89,4.74,77.18,8.99,Ethiopia,2015-11-29,11
2015,334,14.09,23.32,6.39,16.93,0.04,67.1,2.38,3.9,77.16,8.12,Ethiopia,2015-11-30,11
2015,335,15.62,25.09,7.35,17.74,0.02,58.35,1.86,2.75,77.14,7.65,Ethiopia,2015-12-01,12
2015,336,15.19,24.98,8.2,16.78,0.79,56.6,2.15,4.09,77.13,7.14,Ethiopia,2015-12-02,12
2015,337,14.13,24.64,5.61,19.03,0.01,49.51,2.45,4.0,77.14,5.81,Ethiopia,2015-12-03,12
2015,338,14.38,24.23,6.08,18.15,0.04,61.94,2.22,3.43,77.13,7.4,Ethiopia,2015-12-04,12
2015,339,15.93,25.46,7.81,17.65,0.33,59.95,1.55,2.7,77.09,8.03,Ethiopia,2015-12-05,12
2015,340,16.58,24.88,9.17,15.71,3.21,63.28,1.58,2.29,77.14,9.07,Ethiopia,2015-12-06,12
2015,341,16.35,23.29,10.23,13.06,4.26,70.16,2.13,3.08,77.15,10.09,Ethiopia,2015-12-07,12
2015,342,16.34,23.71,10.7,13.01,1.11,70.58,2.58,4.02,77.15,10.05,Ethiopia,2015-12-08,12
2015,343,15.68,23.73,8.24,15.49,1.16,64.15,2.4,3.83,77.12,8.7,Ethiopia,2015-12-09,12
2015,344,15.31,22.37,9.6,12.77,2.56,69.42,1.99,3.63,77.17,9.41,Ethiopia,2015-12-10,12
2015,345,15.53,22.57,10.43,12.14,6.44,69.73,1.56,3.01,77.12,9.55,Ethiopia,2015-12-11,12
2015,346,14.81,21.04,8.87,12.17,2.05,69.34,1.23,2.65,77.04,9.2,Ethiopia,2015-12-12,12
2015,347,15.86,23.16,9.53,13.63,1.38,70.7,1.56,3.14,76.97,9.91,Ethiopia,2015-12-13,12
2015,348,15.92,22.19,11.22,10.97,1.87,75.41,1.88,3.62,77.01,10.7,Ethiopia,2015-12-14,12
2015,349,15.63,22.06,10.44,11.62,0.22,69.41,2.6,4.19,77.1,9.61,Ethiopia,2015-12-15,12
2015,350,14.76,22.7,8.0,14.7,0.08,68.77,2.75,4.61,77.11,8.84,Ethiopia,2015-12-16,12
2015,351,14.61,22.81,7.76,15.05,0.02,70.51,2.6,4.32,77.15,9.08,Ethiopia,2015-12-17,12
2015,352,14.9,23.95,7.02,16.93,0.02,66.02,2.76,3.89,77.15,8.4,Ethiopia,2015-12-18,12
2015,353,14.89,24.09,7.8,16.29,0.02,64.83,2.83,4.31,77.18,8.14,Ethiopia,2015-12-19,12
2015,354,14.06,24.28,6.67,17.61,0.1,60.25,2.59,4.09,77.19,6.88,Ethiopia,2015-12-20,12
2015,355,13.52,24.22,4.8,19.42,0.01,59.12,2.3,3.88,77.17,6.4,Ethiopia,2015-12-21,12
2015,356,14.21,24.6,6.6,18.0,0.0,55.16,2.32,4.5,77.17,6.46,Ethiopia,2015-12-22,12
2015,357,13.99,23.02,6.42,16.6,0.0,55.78,2.74,4.72,77.25,6.62,Ethiopia,2015-12-23,12
2015,358,14.9,24.11,6.9,17.21,0.04,61.06,2.53,4.26,77.23,7.82,Ethiopia,2015-12-24,12
2015,359,14.78,22.5,8.98,13.52,1.07,76.82,2.04,3.2,77.22,10.06,Ethiopia,2015-12-25,12
2015,360,15.37,23.43,9.33,14.1,0.33,76.42,2.73,4.32,77.09,10.32,Ethiopia,2015-12-26,12
2015,361,15.4,22.69,10.1,12.59,0.83,74.46,3.38,4.86,77.12,10.07,Ethiopia,2015-12-27,12
2015,362,13.64,22.48,7.07,15.41,0.03,69.82,3.15,5.31,77.23,8.2,Ethiopia,2015-12-28,12
2015,363,13.71,23.69,6.32,17.37,0.03,68.12,2.59,4.88,77.25,7.91,Ethiopia,2015-12-29,12
2015,364,16.04,25.69,8.16,17.53,0.0,57.85,1.4,2.11,77.12,7.73,Ethiopia,2015-12-30,12
2015,365,16.62,25.04,9.56,15.48,0.04,57.57,2.05,3.44,77.1,8.14,Ethiopia,2015-12-31,12
2016,1,15.97,24.8,8.7,16.1,0.01,57.28,2.17,3.74,77.23,7.7,Ethiopia,2016-01-01,1
2016,2,15.42,24.0,8.25,15.75,0.0,58.24,2.69,5.4,77.28,7.64,Ethiopia,2016-01-02,1
2016,3,14.82,22.81,8.03,14.78,0.88,70.18,3.27,5.37,77.2,9.21,Ethiopia,2016-01-03,1
2016,4,15.39,23.96,8.81,15.15,0.24,73.75,3.06,5.35,77.21,9.89,Ethiopia,2016-01-04,1
2016,5,15.51,23.86,9.42,14.44,0.09,71.8,2.98,4.96,77.18,9.64,Ethiopia,2016-01-05,1
2016,6,16.75,25.37,9.18,16.19,0.66,65.12,2.12,3.58,77.14,9.32,Ethiopia,2016-01-06,1
2016,7,16.89,24.11,10.71,13.4,0.97,66.89,2.15,3.89,77.19,9.81,Ethiopia,2016-01-07,1
2016,8,16.98,24.22,10.26,13.96,1.38,64.45,1.55,3.02,77.23,9.52,Ethiopia,2016-01-08,1
2016,9,17.8,24.12,10.49,13.63,0.77,60.24,1.14,2.35,77.1,9.49,Ethiopia,2016-01-09,1
2016,10,17.46,24.44,10.76,13.68,0.21,62.03,1.39,2.07,77.07,9.52,Ethiopia,2016-01-10,1
2016,11,16.79,23.28,10.56,12.72,0.86,68.84,1.87,3.15,77.1,10.14,Ethiopia,2016-01-11,1
2016,12,15.93,22.29,10.92,11.37,3.07,75.67,2.01,3.93,77.05,10.69,Ethiopia,2016-01-12,1
2016,13,15.83,21.39,12.0,9.39,3.33,77.14,1.11,2.0,77.06,10.92,Ethiopia,2016-01-13,1
2016,14,15.92,21.4,12.01,9.39,6.18,77.27,1.24,2.65,77.03,10.97,Ethiopia,2016-01-14,1
2016,15,14.59,18.78,11.5,7.28,10.99,81.25,0.77,1.41,77.04,10.73,Ethiopia,2016-01-15,1
2016,16,14.71,20.1,10.5,9.6,1.37,78.79,1.21,2.53,77.06,10.35,Ethiopia,2016-01-16,1
2016,17,15.76,22.21,10.17,12.04,0.22,73.98,0.98,1.65,77.02,10.22,Ethiopia,2016-01-17,1
2016,18,15.83,22.09,10.52,11.57,0.04,73.73,0.75,1.36,76.99,10.17,Ethiopia,2016-01-18,1
2016,19,16.45,24.05,9.8,14.25,0.02,69.4,1.69,3.04,76.97,9.85,Ethiopia,2016-01-19,1
2016,20,15.92,24.54,9.21,15.33,0.0,67.72,2.57,4.17,77.01,9.24,Ethiopia,2016-01-20,1
2016,21,15.65,24.14,8.83,15.31,0.0,72.47,2.35,4.07,77.05,9.82,Ethiopia,2016-01-21,1
2016,22,16.26,25.07,9.39,15.68,0.0,63.4,2.17,3.93,77.03,8.84,Ethiopia,2016-01-22,1
2016,23,16.11,25.28,9.45,15.83,0.0,55.93,2.07,3.93,77.1,7.49,Ethiopia,2016-01-23,1
2016,24,16.32,25.7,10.29,15.41,0.0,48.57,1.81,3.14,77.21,6.44,Ethiopia,2016-01-24,1
2016,25,15.73,25.2,8.87,16.33,0.0,46.52,2.22,3.99,77.23,5.99,Ethiopia,2016-01-25,1
2016,26,14.93,23.78,7.21,16.57,0.0,63.92,2.38,3.76,77.21,8.09,Ethiopia,2016-01-26,1
2016,27,16.22,24.54,8.12,16.42,0.0,66.73,1.55,3.3,77.15,9.12,Ethiopia,2016-01-27,1
2016,28,16.63,23.03,11.32,11.71,0.11,73.17,2.15,4.15,77.09,10.78,Ethiopia,2016-01-28,1
2016,29,16.31,22.43,11.23,11.2,0.02,72.41,2.6,4.88,77.13,10.41,Ethiopia,2016-01-29,1
2016,30,15.48,22.65,10.31,12.34,0.01,72.66,3.6,5.45,77.17,9.78,Ethiopia,2016-01-30,1
2016,31,15.93,23.45,9.88,13.57,0.09,71.6,2.7,3.73,77.14,9.84,Ethiopia,2016-01-31,1
2016,32,16.73,25.53,10.32,15.21,0.03,64.2,3.13,5.04,77.13,9.1,Ethiopia,2016-02-01,2
2016,33,15.06,24.73,7.48,17.25,0.01,62.86,2.83,4.85,77.13,7.89,Ethiopia,2016-02-02,2
2016,34,15.73,25.99,8.21,17.78,0.0,47.99,2.42,4.4,77.13,6.06,Ethiopia,2016-02-03,2
2016,35,15.99,26.43,7.51,18.92,0.0,50.53,2.97,5.27,77.14,6.64,Ethiopia,2016-02-04,2
2016,36,15.66,25.92,7.47,18.45,0.0,44.04,2.85,4.62,77.17,5.6,Ethiopia,2016-02-05,2
2016,37,16.8,27.43,7.82,19.61,0.01,47.57,1.31,2.17,77.09,6.45,Ethiopia,2016-02-06,2
2016,38,18.26,26.39,11.81,14.58,0.15,45.21,1.3,2.23,77.11,7.18,Ethiopia,2016-02-07,2
2016,39,18.2,26.55,10.14,16.41,0.3,48.97,1.68,2.86,77.13,7.62,Ethiopia,2016-02-08,2
2016,40,17.76,26.7,9.67,17.03,0.22,59.94,2.58,3.79,77.12,8.98,Ethiopia,2016-02-09,2
2016,41,18.13,26.3,10.17,16.13,0.24,56.33,2.08,3.37,77.05,8.79,Ethiopia,2016-02-10,2
2016,42,18.24,25.69,12.41,13.28,0.32,54.47,2.27,4.02,77.08,8.77,Ethiopia,2016-02-11,2
2016,43,18.17,26.36,10.87,15.49,0.19,48.35,2.99,4.41,77.08,7.64,Ethiopia,2016-02-12,2
2016,44,18.75,27.48,11.78,15.7,0.02,45.74,2.68,4.76,77.07,7.34,Ethiopia,2016-02-13,2
2016,45,18.78,28.32,10.22,18.1,0.0,42.52,2.2,3.52,77.08,6.82,Ethiopia,2016-02-14,2
2016,46,17.66,27.51,9.4,18.11,0.0,44.41,2.76,4.77,77.12,6.59,Ethiopia,2016-02-15,2
2016,47,17.7,27.98,8.76,19.22,0.01,44.8,2.65,4.46,77.11,6.5,Ethiopia,2016-02-16,2
2016,48,18.33,26.38,10.91,15.47,2.36,49.33,1.66,3.36,77.09,7.92,Ethiopia,2016-02-17,2
2016,49,17.61,25.01,10.6,14.41,2.57,54.35,1.23,1.75,77.09,8.3,Ethiopia,2016-02-18,2
2016,50,17.5,27.32,10.2,17.12,0.01,46.71,2.44,4.87,77.03,6.99,Ethiopia,2016-02-19,2
2016,51,16.0,27.13,7.28,19.85,0.0,38.68,2.94,4.92,77.05,4.84,Ethiopia,2016-02-20,2
2016,52,17.23,28.73,7.5,21.23,0.0,31.04,1.63,3.08,77.03,4.41,Ethiopia,2016-02-21,2
2016,53,19.08,28.46,10.65,17.81,0.12,33.97,1.49,2.76,77.01,5.61,Ethiopia,2016-02-22,2
2016,54,18.84,27.11,11.12,15.99,0.39,42.33,2.7,4.63,77.1,7.02,Ethiopia,2016-02-23,2
2016,55,18.34,26.17,12.13,14.04,5.43,59.34,2.55,3.71,77.12,9.63,Ethiopia,2016-02-24,2
2016,56,17.87,24.52,12.2,12.32,5.35,71.75,2.31,3.76,77.12,11.36,Ethiopia,2016-02-25,2
2016,57,17.67,24.43,11.81,12.62,1.69,69.9,2.89,4.68,77.1,10.87,Ethiopia,2016-02-26,2
2016,58,17.54,25.45,12.43,13.02,0.6,65.26,3.23,5.45,77.14,9.97,Ethiopia,2016-02-27,2
2016,59,16.92,25.63,10.44,15.19,0.0,56.59,3.55,6.13,77.25,7.96,Ethiopia,2016-02-28,2
2016,60,17.04,26.64,9.79,16.85,0.0,51.49,3.29,5.53,77.28,7.31,Ethiopia,2016-02-29,2
2016,61,18.09,28.65,9.07,19.58,0.0,43.71,2.41,4.01,77.16,6.49,Ethiopia,2016-03-01,3
2016,62,20.16,29.43,11.8,17.63,0.01,38.8,1.62,2.91,77.03,6.89,Ethiopia,2016-03-02,3
2016,63,19.94,26.65,14.79,11.86,0.83,50.54,2.67,4.1,77.05,9.27,Ethiopia,2016-03-03,3
2016,64,18.62,25.95,12.58,13.37,2.18,62.97,2.49,4.17,77.12,10.36,Ethiopia,2016-03-04,3
2016,65,19.86,27.89,12.65,15.24,0.29,51.38,1.74,2.85,77.12,8.93,Ethiopia,2016-03-05,3
2016,66,19.05,24.81,14.53,10.28,8.6,59.01,0.87,1.38,77.06,10.22,Ethiopia,2016-03-06,3
2016,67,19.56,26.42,14.47,11.95,9.28,66.11,1.57,2.64,76.96,11.56,Ethiopia,2016-03-07,3
2016,68,18.94,26.29,13.25,13.04,0.47,67.34,1.71,3.31,76.97,11.26,Ethiopia,2016-03-08,3
2016,69,18.21,24.32,14.11,10.21,2.58,70.11,1.61,2.91,77.02,11.55,Ethiopia,2016-03-09,3
2016,70,17.96,23.53,13.44,10.09,1.77,71.12,2.3,4.47,77.07,11.39,Ethiopia,2016-03-10,3
2016,71,17.8,25.76,10.95,14.81,0.13,64.42,3.2,6.06,77.11,10.14,Ethiopia,2016-03-11,3
2016,72,18.55,26.38,12.56,13.82,0.1,62.29,3.49,5.68,77.18,10.1,Ethiopia,2016-03-12,3
2016,73,19.08,27.25,12.71,14.54,0.0,58.29,3.57,6.28,77.18,9.64,Ethiopia,2016-03-13,3
2016,74,18.71,27.53,11.49,16.04,0.0,55.2,3.07,5.34,77.2,8.76,Ethiopia,2016-03-14,3
2016,75,19.21,28.57,11.34,17.23,0.0,48.95,2.93,5.76,77.16,8.02,Ethiopia,2016-03-15,3
2016,76,18.76,27.61,11.54,16.07,0.0,47.31,3.31,5.36,77.19,7.58,Ethiopia,2016-03-16,3
2016,77,18.77,28.29,10.34,17.95,0.02,44.45,2.81,4.54,77.18,7.02,Ethiopia,2016-03-17,3
2016,78,18.68,26.85,12.03,14.82,0.63,53.59,2.83,5.26,77.19,8.82,Ethiopia,2016-03-18,3
2016,79,17.82,24.86,12.85,12.01,2.46,64.91,3.11,5.38,77.18,10.27,Ethiopia,2016-03-19,3
2016,80,17.93,26.26,11.53,14.73,1.72,64.62,3.03,5.08,77.19,9.99,Ethiopia,2016-03-20,3
2016,81,19.18,28.62,11.56,17.06,0.29,53.04,2.47,4.21,77.14,8.7,Ethiopia,2016-03-21,3
2016,82,19.78,27.92,12.37,15.55,2.97,51.65,1.73,3.64,77.08,9.26,Ethiopia,2016-03-22,3
2016,83,18.91,25.3,14.48,10.82,4.54,70.17,1.96,3.62,77.01,11.93,Ethiopia,2016-03-23,3
2016,84,17.8,23.0,13.53,9.47,2.94,73.94,2.72,5.12,77.06,11.87,Ethiopia,2016-03-24,3
2016,85,17.41,24.32,12.43,11.89,1.27,70.82,3.24,5.95,77.18,10.89,Ethiopia,2016-03-25,3
2016,86,18.5,26.77,11.78,14.99,0.21,64.69,2.73,4.38,77.19,10.34,Ethiopia,2016-03-26,3
2016,87,19.73,28.96,11.81,17.15,0.14,58.66,1.9,3.33,77.18,9.92,Ethiopia,2016-03-27,3
2016,88,20.85,30.75,12.4,18.35,0.02,50.71,2.31,4.48,77.1,8.9,Ethiopia,2016-03-28,3
2016,89,20.17,28.87,12.53,16.34,0.11,55.71,2.85,4.49,77.08,9.82,Ethiopia,2016-03-29,3
2016,90,18.93,25.7,12.79,12.91,0.35,64.65,3.02,5.41,77.08,10.86,Ethiopia,2016-03-30,3
2016,91,19.46,28.29,12.09,16.2,0.14,57.0,2.53,4.14,77.03,9.6,Ethiopia,2016-03-31,3
2016,92,19.32,27.28,12.19,15.09,1.43,58.79,1.9,3.89,76.89,10.2,Ethiopia,2016-04-01,4
2016,93,17.85,22.4,14.29,8.11,11.34,73.79,1.67,2.68,76.98,11.95,Ethiopia,2016-04-02,4
2016,94,17.85,23.69,14.08,9.61,7.73,75.23,1.12,2.48,77.12,11.98,Ethiopia,2016-04-03,4
2016,95,19.21,26.24,13.57,12.67,3.67,68.23,0.96,1.85,77.09,11.48,Ethiopia,2016-04-04,4
2016,96,20.08,28.5,12.68,15.82,0.26,61.32,1.23,3.03,76.99,10.49,Ethiopia,2016-04-05,4
2016,97,19.65,27.44,13.41,14.03,1.57,64.76,1.32,3.19,76.97,10.88,Ethiopia,2016-04-06,4
2016,98,19.53,27.21,13.48,13.73,2.13,66.75,1.25,2.41,76.96,11.33,Ethiopia,2016-04-07,4
2016,99,20.46,29.32,13.43,15.89,0.25,61.16,0.94,2.04,77.02,10.43,Ethiopia,2016-04-08,4
2016,100,20.58,29.29,13.46,15.83,0.4,57.64,1.39,3.22,77.01,9.96,Ethiopia,2016-04-09,4
2016,101,19.44,27.97,13.54,14.43,4.11,67.4,1.44,3.34,77.04,11.24,Ethiopia,2016-04-10,4
2016,102,18.88,25.6,14.75,10.85,5.62,72.25,2.69,3.92,77.13,12.14,Ethiopia,2016-04-11,4
2016,103,18.71,24.7,12.93,11.77,3.46,70.91,0.9,1.26,77.07,11.84,Ethiopia,2016-04-12,4
2016,104,19.9,26.13,15.58,10.55,9.01,64.59,0.8,1.28,76.89,11.65,Ethiopia,2016-04-13,4
2016,105,18.25,23.1,15.16,7.94,11.19,75.59,1.64,3.31,76.9,12.56,Ethiopia,2016-04-14,4
2016,106,18.0,23.97,14.39,9.58,6.58,75.83,1.36,2.79,77.03,12.31,Ethiopia,2016-04-15,4
2016,107,17.81,22.84,14.42,8.42,3.16,76.56,2.98,5.46,77.09,12.33,Ethiopia,2016-04-16,4
2016,108,16.56,21.41,12.64,8.77,2.71,79.95,1.56,3.38,77.12,11.97,Ethiopia,2016-04-17,4
2016,109,17.83,22.64,13.61,9.03,2.26,74.48,1.08,2.58,77.11,11.95,Ethiopia,2016-04-18,4
2016,110,19.14,26.35,12.79,13.56,0.5,67.23,1.27,1.96,77.02,11.2,Ethiopia,2016-04-19,4
2016,111,17.62,21.45,14.37,7.08,2.37,76.33,1.0,2.14,77.13,12.19,Ethiopia,2016-04-20,4
2016,112,17.89,24.09,13.7,10.39,0.5,73.46,2.31,4.03,77.15,11.73,Ethiopia,2016-04-21,4
2016,113,18.0,24.56,13.42,11.14,0.67,74.78,2.51,4.36,77.12,12.01,Ethiopia,2016-04-22,4
2016,114,18.37,24.47,14.54,9.93,0.25,72.75,2.03,3.9,77.03,11.94,Ethiopia,2016-04-23,4
2016,115,19.01,25.85,14.0,11.85,1.26,69.49,0.93,1.55,76.92,11.72,Ethiopia,2016-04-24,4
2016,116,18.78,25.22,12.88,12.34,1.14,70.15,1.31,2.38,76.86,11.56,Ethiopia,2016-04-25,4
2016,117,17.3,21.06,14.96,6.1,6.18,79.32,1.82,3.84,76.94,12.51,Ethiopia,2016-04-26,4
2016,118,16.63,20.61,13.66,6.95,9.12,82.27,1.62,2.84,76.98,12.49,Ethiopia,2016-04-27,4
2016,119,17.15,23.44,13.3,10.14,6.79,77.09,2.07,3.96,76.93,11.84,Ethiopia,2016-04-28,4
2016,120,16.66,22.59,11.61,10.98,3.18,76.99,1.98,3.66,76.96,11.47,Ethiopia,2016-04-29,4
2016,121,15.68,19.59,12.7,6.89,13.27,84.31,1.93,3.51,76.96,12.04,Ethiopia,2016-04-30,4
2016,122,15.59,20.51,12.29,8.22,10.6,80.99,2.27,4.37,77.03,11.45,Ethiopia,2016-05-01,5
2016,123,16.3,22.75,10.93,11.82,4.93,78.7,2.11,3.7,77.06,11.4,Ethiopia,2016-05-02,5
2016,124,16.89,23.51,12.34,11.17,10.76,77.78,1.88,3.57,77.1,11.71,Ethiopia,2016-05-03,5
2016,125,16.01,22.25,10.31,11.94,5.41,77.05,2.32,4.67,77.06,11.2,Ethiopia,2016-05-04,5
2016,126,16.46,21.95,11.22,10.73,6.32,78.85,1.67,3.03,77.04,11.75,Ethiopia,2016-05-05,5
2016,127,15.43,19.44,12.28,7.16,8.21,82.48,1.78,3.8,77.03,11.57,Ethiopia,2016-05-06,5
2016,128,15.61,20.71,11.53,9.18,4.92,82.65,1.64,2.95,77.07,11.74,Ethiopia,2016-05-07,5
2016,129,15.46,19.65,12.57,7.08,1.51,81.31,2.35,5.07,77.17,11.36,Ethiopia,2016-05-08,5
2016,130,16.86,22.75,12.08,10.67,6.8,80.67,1.57,2.44,77.13,12.25,Ethiopia,2016-05-09,5
2016,131,15.26,19.39,11.92,7.47,21.37,83.88,1.54,3.28,77.14,11.68,Ethiopia,2016-05-10,5
2016,132,16.33,21.16,12.41,8.75,7.35,82.17,0.63,1.27,77.1,12.14,Ethiopia,2016-05-11,5
2016,133,16.11,21.33,12.68,8.65,21.54,82.62,1.14,1.95,77.08,12.07,Ethiopia,2016-05-12,5
2016,134,16.69,21.94,12.04,9.9,12.14,77.23,1.51,2.81,77.07,11.65,Ethiopia,2016-05-13,5
2016,135,17.2,24.07,11.76,12.31,0.93,74.75,2.54,4.83,77.11,11.49,Ethiopia,2016-05-14,5
